,survived,pclass,sex,age,sibsp,parch,fare,embarked,class,who,adult_male,deck,embark_town,alive,alone,family_size,ischild,male,Second,Third
599,1,1,male,49.0,1,0,56.9292,C,First,man,True,A,Cherbourg,yes,False,2,0,1,0,0
362,0,3,female,45.0,0,1,14.4542,C,Third,woman,False,,Cherbourg,no,False,2,0,0,0,1
520,1,1,female,30.0,0,0,93.5,S,First,woman,False,B,Southampton,yes,True,1,0,0,0,0
157,0,3,male,30.0,0,0,8.05,S,Third,man,True,,Southampton,no,True,1,0,1,0,1
807,0,3,female,18.0,0,0,7.775,S,Third,woman,False,,Southampton,no,True,1,0,0,0,1
536,0,1,male,45.0,0,0,26.55,S,First,man,True,B,Southampton,no,True,1,0,1,0,0
531,0,3,male,33.17312348668281,0,0,7.2292,C,Third,man,True,,Cherbourg,no,True,1,0,1,0,1
227,0,3,male,20.5,0,0,7.25,S,Third,man,True,,Southampton,no,True,1,0,1,0,1
866,1,2,female,27.0,1,0,13.8583,C,Second,woman,False,,Cherbourg,yes,False,2,0,0,1,0
669,1,1,female,32.0,1,0,52.0,S,First,woman,False,C,Southampton,yes,False,2,0,0,0,0
888,0,3,female,32.0,1,2,23.45,S,Third,woman,False,,Southampton,no,False,4,0,0,0,1
593,0,3,female,32.0,0,2,7.75,Q,Third,woman,False,,Queenstown,no,False,3,0,0,0,1
401,0,3,male,26.0,0,0,8.05,S,Third,man,True,,Southampton,no,True,1,0,1,0,1
189,0,3,male,36.0,0,0,7.8958,S,Third,man,True,,Southampton,no,True,1,0,1,0,1
80,0,3,male,22.0,0,0,9.0,S,Third,man,True,,Southampton,no,True,1,0,1,0,1
707,1,1,male,42.0,0,0,26.2875,S,First,man,True,E,Southampton,yes,True,1,0,1,0,0
128,1,3,female,32.0,1,1,22.3583,C,Third,woman,False,F,Cherbourg,yes,False,3,0,0,0,1
275,1,1,female,63.0,1,0,77.9583,S,First,woman,False,D,Southampton,yes,False,2,0,0,0,0
420,0,3,male,33.17312348668281,0,0,7.8958,C,Third,man,True,,Cherbourg,no,True,1,0,1,0,1
587,1,1,male,60.0,1,1,79.2,C,First,man,True,B,Cherbourg,yes,False,3,0,1,0,0
883,0,2,male,28.0,0,0,10.5,S,Second,man,True,,Southampton,no,True,1,0,1,1,0
677,1,3,female,18.0,0,0,9.8417,S,Third,woman,False,,Southampton,yes,True,1,0,0,0,1
568,0,3,male,33.17312348668281,0,0,7.2292,C,Third,man,True,,Cherbourg,no,True,1,0,1,0,1
260,0,3,male,33.17312348668281,0,0,7.75,Q,Third,man,True,,Queenstown,no,True,1,0,1,0,1
731,0,3,male,11.0,0,0,18.7875,C,Third,child,False,,Cherbourg,no,True,1,1,1,0,1
556,1,1,female,48.0,1,0,39.6,C,First,woman,False,A,Cherbourg,yes,False,2,0,0,0,0
560,0,3,male,33.17312348668281,0,0,7.75,Q,Third,man,True,,Queenstown,no,True,1,0,1,0,1
430,1,1,male,28.0,0,0,26.55,S,First,man,True,C,Southampton,yes,True,1,0,1,0,0
819,0,3,male,10.0,3,2,27.9,S,Third,child,False,,Southampton,no,False,6,1,1,0,1
300,1,3,female,32.0,0,0,7.75,Q,Third,woman,False,,Queenstown,yes,True,1,0,0,0,1
485,0,3,female,32.0,3,1,25.4667,S,Third,woman,False,,Southampton,no,False,5,0,0,0,1
406,0,3,male,51.0,0,0,7.75,S,Third,man,True,,Southampton,no,True,1,0,1,0,1
858,1,3,female,24.0,0,3,19.2583,C,Third,woman,False,,Cherbourg,yes,False,4,0,0,0,1
245,0,1,male,44.0,2,0,90.0,Q,First,man,True,C,Queenstown,no,False,3,0,1,0,0
387,1,2,female,36.0,0,0,13.0,S,Second,woman,False,,Southampton,yes,True,1,0,0,1,0
299,1,1,female,50.0,0,1,247.5208,C,First,woman,False,B,Cherbourg,yes,False,2,0,0,0,0
799,0,3,female,30.0,1,1,24.15,S,Third,woman,False,,Southampton,no,False,3,0,0,0,1
761,0,3,male,41.0,0,0,7.125,S,Third,man,True,,Southampton,no,True,1,0,1,0,1
31,1,1,female,32.0,1,0,146.5208,C,First,woman,False,B,Cherbourg,yes,False,2,0,0,0,0
694,0,1,male,60.0,0,0,26.55,S,First,man,True,,Southampton,no,True,1,0,1,0,0
153,0,3,male,40.5,0,2,14.5,S,Third,man,True,,Southampton,no,False,3,0,1,0,1
2,1,3,female,26.0,0,0,7.925,S,Third,woman,False,,Southampton,yes,True,1,0,0,0,1
728,0,2,male,25.0,1,0,26.0,S,Second,man,True,,Southampton,no,False,2,0,1,1,0
795,0,2,male,39.0,0,0,13.0,S,Second,man,True,,Southampton,no,True,1,0,1,1,0
738,0,3,male,33.17312348668281,0,0,7.8958,S,Third,man,True,,Southampton,no,True,1,0,1,0,1
818,0,3,male,43.0,0,0,6.45,S,Third,man,True,,Southampton,no,True,1,0,1,0,1
236,0,2,male,44.0,1,0,26.0,S,Second,man,True,,Southampton,no,False,2,0,1,1,0
604,1,1,male,35.0,0,0,26.55,C,First,man,True,,Cherbourg,yes,True,1,0,1,0,0
114,0,3,female,17.0,0,0,14.4583,C,Third,woman,False,,Cherbourg,no,True,1,0,0,0,1
341,1,1,female,24.0,3,2,263.0,S,First,woman,False,C,Southampton,yes,False,6,0,0,0,0
614,0,3,male,35.0,0,0,8.05,S,Third,man,True,,Southampton,no,True,1,0,1,0,1
388,0,3,male,33.17312348668281,0,0,7.7292,Q,Third,man,True,,Queenstown,no,True,1,0,1,0,1
823,1,3,female,27.0,0,1,12.475,S,Third,woman,False,E,Southampton,yes,False,2,0,0,0,1
303,1,2,female,32.0,0,0,12.35,Q,Second,woman,False,E,Queenstown,yes,True,1,0,0,1,0
625,0,1,male,61.0,0,0,32.3208,S,First,man,True,D,Southampton,no,True,1,0,1,0,0
265,0,2,male,36.0,0,0,10.5,S,Second,man,True,,Southampton,no,True,1,0,1,1,0
353,0,3,male,25.0,1,0,17.8,S,Third,man,True,,Southampton,no,False,2,0,1,0,1
285,0,3,male,33.0,0,0,8.6625,C,Third,man,True,,Cherbourg,no,True,1,0,1,0,1
666,0,2,male,25.0,0,0,13.0,S,Second,man,True,,Southampton,no,True,1,0,1,1,0
760,0,3,male,33.17312348668281,0,0,14.5,S,Third,man,True,,Southampton,no,True,1,0,1,0,1
553,1,3,male,22.0,0,0,7.225,C,Third,man,True,,Cherbourg,yes,True,1,0,1,0,1
442,0,3,male,25.0,1,0,7.775,S,Third,man,True,,Southampton,no,False,2,0,1,0,1
288,1,2,male,42.0,0,0,13.0,S,Second,man,True,,Southampton,yes,True,1,0,1,1,0
156,1,3,female,16.0,0,0,7.7333,Q,Third,woman,False,,Queenstown,yes,True,1,0,0,0,1
99,0,2,male,34.0,1,0,26.0,S,Second,man,True,,Southampton,no,False,2,0,1,1,0
563,0,3,male,33.17312348668281,0,0,8.05,S,Third,man,True,,Southampton,no,True,1,0,1,0,1
504,1,1,female,16.0,0,0,86.5,S,First,woman,False,B,Southampton,yes,True,1,0,0,0,0
711,0,1,male,33.17312348668281,0,0,26.55,S,First,man,True,C,Southampton,no,True,1,0,1,0,0
705,0,2,male,39.0,0,0,26.0,S,Second,man,True,,Southampton,no,True,1,0,1,1,0
664,1,3,male,20.0,1,0,7.925,S,Third,man,True,,Southampton,yes,False,2,0,1,0,1
621,1,1,male,42.0,1,0,52.5542,S,First,man,True,D,Southampton,yes,False,2,0,1,0,0
744,1,3,male,31.0,0,0,7.925,S,Third,man,True,,Southampton,yes,True,1,0,1,0,1
154,0,3,male,33.17312348668281,0,0,7.3125,S,Third,man,True,,Southampton,no,True,1,0,1,0,1
97,1,1,male,23.0,0,1,63.3583,C,First,man,True,D,Cherbourg,yes,False,2,0,1,0,0
321,0,3,male,27.0,0,0,7.8958,S,Third,man,True,,Southampton,no,True,1,0,1,0,1
186,1,3,female,32.0,1,0,15.5,Q,Third,woman,False,,Queenstown,yes,False,2,0,0,0,1
550,1,1,male,17.0,0,2,110.8833,C,First,man,True,C,Cherbourg,yes,False,3,0,1,0,0
164,0,3,male,1.0,4,1,39.6875,S,Third,child,False,,Southampton,no,False,6,1,1,0,1
817,0,2,male,31.0,1,1,37.0042,C,Second,man,True,,Cherbourg,no,False,3,0,1,1,0
457,1,1,female,32.0,1,0,51.8625,S,First,woman,False,D,Southampton,yes,False,2,0,0,0,0
577,1,1,female,39.0,1,0,55.9,S,First,woman,False,E,Southampton,yes,False,2,0,0,0,0
84,1,2,female,17.0,0,0,10.5,S,Second,woman,False,,Southampton,yes,True,1,0,0,1,0
289,1,3,female,22.0,0,0,7.75,Q,Third,woman,False,,Queenstown,yes,True,1,0,0,0,1
217,0,2,male,42.0,1,0,27.0,S,Second,man,True,,Southampton,no,False,2,0,1,1,0
383,1,1,female,35.0,1,0,52.0,S,First,woman,False,,Southampton,yes,False,2,0,0,0,0
12,0,3,male,20.0,0,0,8.05,S,Third,man,True,,Southampton,no,True,1,0,1,0,1
66,1,2,female,29.0,0,0,10.5,S,Second,woman,False,F,Southampton,yes,True,1,0,0,1,0
439,0,2,male,31.0,0,0,10.5,S,Second,man,True,,Southampton,no,True,1,0,1,1,0
416,1,2,female,34.0,1,1,32.5,S,Second,woman,False,,Southampton,yes,False,3,0,0,1,0
789,0,1,male,46.0,0,0,79.2,C,First,man,True,B,Cherbourg,no,True,1,0,1,0,0
342,0,2,male,28.0,0,0,13.0,S,Second,man,True,,Southampton,no,True,1,0,1,1,0
670,1,2,female,40.0,1,1,39.0,S,Second,woman,False,,Southampton,yes,False,3,0,0,1,0
363,0,3,male,35.0,0,0,7.05,S,Third,man,True,,Southampton,no,True,1,0,1,0,1
576,1,2,female,34.0,0,0,13.0,S,Second,woman,False,,Southampton,yes,True,1,0,0,1,0
402,0,3,female,21.0,1,0,9.825,S,Third,woman,False,,Southampton,no,False,2,0,0,0,1
851,0,3,male,74.0,0,0,7.775,S,Third,man,True,,Southampton,no,True,1,0,1,0,1
642,0,3,female,2.0,3,2,27.9,S,Third,child,False,,Southampton,no,False,6,1,0,0,1
386,0,3,male,1.0,5,2,46.9,S,Third,child,False,,Southampton,no,False,8,1,1,0,1
199,0,2,female,24.0,0,0,13.0,S,Second,woman,False,,Southampton,no,True,1,0,0,1,0
446,1,2,female,13.0,0,1,19.5,S,Second,child,False,,Southampton,yes,False,2,1,0,1,0
380,1,1,female,42.0,0,0,227.525,C,First,woman,False,,Cherbourg,yes,True,1,0,0,0,0
193,1,2,male,3.0,1,1,26.0,S,Second,child,False,F,Southampton,yes,False,3,1,1,1,0
85,1,3,female,33.0,3,0,15.85,S,Third,woman,False,,Southampton,yes,False,4,0,0,0,1
396,0,3,female,31.0,0,0,7.8542,S,Third,woman,False,,Southampton,no,True,1,0,0,0,1
643,1,3,male,33.17312348668281,0,0,56.4958,S,Third,man,True,,Southampton,yes,True,1,0,1,0,1
172,1,3,female,1.0,1,1,11.1333,S,Third,child,False,,Southampton,yes,False,3,1,0,0,1
34,0,1,male,28.0,1,0,82.1708,C,First,man,True,,Cherbourg,no,False,2,0,1,0,0
233,1,3,female,5.0,4,2,31.3875,S,Third,child,False,,Southampton,yes,False,7,1,0,0,1
243,0,3,male,22.0,0,0,7.125,S,Third,man,True,,Southampton,no,True,1,0,1,0,1
4,0,3,male,35.0,0,0,8.05,S,Third,man,True,,Southampton,no,True,1,0,1,0,1
773,0,3,male,33.17312348668281,0,0,7.225,C,Third,man,True,,Cherbourg,no,True,1,0,1,0,1
526,1,2,female,50.0,0,0,10.5,S,Second,woman,False,,Southampton,yes,True,1,0,0,1,0
293,0,3,female,24.0,0,0,8.85,S,Third,woman,False,,Southampton,no,True,1,0,0,0,1
159,0,3,male,33.17312348668281,8,2,69.55,S,Third,man,True,,Southampton,no,False,11,0,1,0,1
92,0,1,male,46.0,1,0,61.175,S,First,man,True,E,Southampton,no,False,2,0,1,0,0
231,0,3,male,29.0,0,0,7.775,S,Third,man,True,,Southampton,no,True,1,0,1,0,1
184,1,3,female,4.0,0,2,22.025,S,Third,child,False,,Southampton,yes,False,3,1,0,0,1
596,1,2,female,32.0,0,0,33.0,S,Second,woman,False,,Southampton,yes,True,1,0,0,1,0
540,1,1,female,36.0,0,2,71.0,S,First,woman,False,B,Southampton,yes,False,3,0,0,0,0
463,0,2,male,48.0,0,0,13.0,S,Second,man,True,,Southampton,no,True,1,0,1,1,0
117,0,2,male,29.0,1,0,21.0,S,Second,man,True,,Southampton,no,False,2,0,1,1,0
615,1,2,female,24.0,1,2,65.0,S,Second,woman,False,,Southampton,yes,False,4,0,0,1,0
228,0,2,male,18.0,0,0,13.0,S,Second,man,True,,Southampton,no,True,1,0,1,1,0
478,0,3,male,22.0,0,0,7.5208,S,Third,man,True,,Southampton,no,True,1,0,1,0,1
630,1,1,male,80.0,0,0,30.0,S,First,man,True,A,Southampton,yes,True,1,0,1,0,0
192,1,3,female,19.0,1,0,7.8542,S,Third,woman,False,,Southampton,yes,False,2,0,0,0,1
238,0,2,male,19.0,0,0,10.5,S,Second,man,True,,Southampton,no,True,1,0,1,1,0
716,1,1,female,38.0,0,0,227.525,C,First,woman,False,C,Cherbourg,yes,True,1,0,0,0,0
803,1,3,male,0.42,0,1,8.5167,C,Third,child,False,,Cherbourg,yes,False,2,1,1,0,1
653,1,3,female,32.0,0,0,7.8292,Q,Third,woman,False,,Queenstown,yes,True,1,0,0,0,1
392,0,3,male,28.0,2,0,7.925,S,Third,man,True,,Southampton,no,False,3,0,1,0,1
276,0,3,female,45.0,0,0,7.75,S,Third,woman,False,,Southampton,no,True,1,0,0,0,1
470,0,3,male,33.17312348668281,0,0,7.25,S,Third,man,True,,Southampton,no,True,1,0,1,0,1
834,0,3,male,18.0,0,0,8.3,S,Third,man,True,,Southampton,no,True,1,0,1,0,1
214,0,3,male,33.17312348668281,1,0,7.75,Q,Third,man,True,,Queenstown,no,False,2,0,1,0,1
163,0,3,male,17.0,0,0,8.6625,S,Third,man,True,,Southampton,no,True,1,0,1,0,1
640,0,3,male,20.0,0,0,7.8542,S,Third,man,True,,Southampton,no,True,1,0,1,0,1
124,0,1,male,54.0,0,1,77.2875,S,First,man,True,D,Southampton,no,False,2,0,1,0,0
505,0,1,male,18.0,1,0,108.9,C,First,man,True,C,Cherbourg,no,False,2,0,1,0,0
283,1,3,male,19.0,0,0,8.05,S,Third,man,True,,Southampton,yes,True,1,0,1,0,1
108,0,3,male,38.0,0,0,7.8958,S,Third,man,True,,Southampton,no,True,1,0,1,0,1
405,0,2,male,34.0,1,0,21.0,S,Second,man,True,,Southampton,no,False,2,0,1,1,0
672,0,2,male,70.0,0,0,10.5,S,Second,man,True,,Southampton,no,True,1,0,1,1,0
208,1,3,female,16.0,0,0,7.75,Q,Third,woman,False,,Queenstown,yes,True,1,0,0,0,1
101,0,3,male,33.17312348668281,0,0,7.8958,S,Third,man,True,,Southampton,no,True,1,0,1,0,1
527,0,1,male,33.17312348668281,0,0,221.7792,S,First,man,True,C,Southampton,no,True,1,0,1,0,0
844,0,3,male,17.0,0,0,8.6625,S,Third,man,True,,Southampton,no,True,1,0,1,0,1
517,0,3,male,33.17312348668281,0,0,24.15,Q,Third,man,True,,Queenstown,no,True,1,0,1,0,1
495,0,3,male,33.17312348668281,0,0,14.4583,C,Third,man,True,,Cherbourg,no,True,1,0,1,0,1
317,0,2,male,54.0,0,0,14.0,S,Second,man,True,,Southampton,no,True,1,0,1,1,0
792,0,3,female,32.0,8,2,69.55,S,Third,woman,False,,Southampton,no,False,11,0,0,0,1
132,0,3,female,47.0,1,0,14.5,S,Third,woman,False,,Southampton,no,False,2,0,0,0,1
340,1,2,male,2.0,1,1,26.0,S,Second,child,False,F,Southampton,yes,False,3,1,1,1,0
713,0,3,male,29.0,0,0,9.4833,S,Third,man,True,,Southampton,no,True,1,0,1,0,1
497,0,3,male,33.17312348668281,0,0,15.1,S,Third,man,True,,Southampton,no,True,1,0,1,0,1
266,0,3,male,16.0,4,1,39.6875,S,Third,man,True,,Southampton,no,False,6,0,1,0,1
145,0,2,male,19.0,1,1,36.75,S,Second,man,True,,Southampton,no,False,3,0,1,1,0
127,1,3,male,24.0,0,0,7.1417,S,Third,man,True,,Southampton,yes,True,1,0,1,0,1
63,0,3,male,4.0,3,2,27.9,S,Third,child,False,,Southampton,no,False,6,1,1,0,1
747,1,2,female,30.0,0,0,13.0,S,Second,woman,False,,Southampton,yes,True,1,0,0,1,0
656,0,3,male,33.17312348668281,0,0,7.8958,S,Third,man,True,,Southampton,no,True,1,0,1,0,1
7,0,3,male,2.0,3,1,21.075,S,Third,child,False,,Southampton,no,False,5,1,1,0,1
109,1,3,female,32.0,1,0,24.15,Q,Third,woman,False,,Queenstown,yes,False,2,0,0,0,1
105,0,3,male,28.0,0,0,7.8958,S,Third,man,True,,Southampton,no,True,1,0,1,0,1
409,0,3,female,32.0,3,1,25.4667,S,Third,woman,False,,Southampton,no,False,5,0,0,0,1
777,1,3,female,5.0,0,0,12.475,S,Third,child,False,,Southampton,yes,True,1,1,0,0,1
766,0,1,male,33.17312348668281,0,0,39.6,C,First,man,True,,Cherbourg,no,True,1,0,1,0,0
523,1,1,female,44.0,0,1,57.9792,C,First,woman,False,B,Cherbourg,yes,False,2,0,0,0,0
475,0,1,male,33.17312348668281,0,0,52.0,S,First,man,True,A,Southampton,no,True,1,0,1,0,0
272,1,2,female,41.0,0,1,19.5,S,Second,woman,False,,Southampton,yes,False,2,0,0,1,0
354,0,3,male,33.17312348668281,0,0,7.225,C,Third,man,True,,Cherbourg,no,True,1,0,1,0,1
122,0,2,male,32.5,1,0,30.0708,C,Second,man,True,,Cherbourg,no,False,2,0,1,1,0
225,0,3,male,22.0,0,0,9.35,S,Third,man,True,,Southampton,no,True,1,0,1,0,1
804,1,3,male,27.0,0,0,6.975,S,Third,man,True,,Southampton,yes,True,1,0,1,0,1
547,1,2,male,33.17312348668281,0,0,13.8625,C,Second,man,True,,Cherbourg,yes,True,1,0,1,1,0
552,0,3,male,33.17312348668281,0,0,7.8292,Q,Third,man,True,,Queenstown,no,True,1,0,1,0,1
692,1,3,male,33.17312348668281,0,0,56.4958,S,Third,man,True,,Southampton,yes,True,1,0,1,0,1
322,1,2,female,30.0,0,0,12.35,Q,Second,woman,False,,Queenstown,yes,True,1,0,0,1,0
482,0,3,male,50.0,0,0,8.05,S,Third,man,True,,Southampton,no,True,1,0,1,0,1
606,0,3,male,30.0,0,0,7.8958,S,Third,man,True,,Southampton,no,True,1,0,1,0,1
598,0,3,male,33.17312348668281,0,0,7.225,C,Third,man,True,,Cherbourg,no,True,1,0,1,0,1
557,0,1,male,33.17312348668281,0,0,227.525,C,First,man,True,,Cherbourg,no,True,1,0,1,0,0
776,0,3,male,33.17312348668281,0,0,7.75,Q,Third,man,True,F,Queenstown,no,True,1,0,1,0,1
886,0,2,male,27.0,0,0,13.0,S,Second,man,True,,Southampton,no,True,1,0,1,1,0
115,0,3,male,21.0,0,0,7.925,S,Third,man,True,,Southampton,no,True,1,0,1,0,1
139,0,1,male,24.0,0,0,79.2,C,First,man,True,B,Cherbourg,no,True,1,0,1,0,0
816,0,3,female,23.0,0,0,7.925,S,Third,woman,False,,Southampton,no,True,1,0,0,0,1
121,0,3,male,33.17312348668281,0,0,8.05,S,Third,man,True,,Southampton,no,True,1,0,1,0,1
379,0,3,male,19.0,0,0,7.775,S,Third,man,True,,Southampton,no,True,1,0,1,0,1
452,0,1,male,30.0,0,0,27.75,C,First,man,True,C,Cherbourg,no,True,1,0,1,0,0
583,0,1,male,36.0,0,0,40.125,C,First,man,True,A,Cherbourg,no,True,1,0,1,0,0
136,1,1,female,19.0,0,2,26.2833,S,First,woman,False,D,Southampton,yes,False,3,0,0,0,0
129,0,3,male,45.0,0,0,6.975,S,Third,man,True,,Southampton,no,True,1,0,1,0,1
853,1,1,female,16.0,0,1,39.4,S,First,woman,False,D,Southampton,yes,False,2,0,0,0,0
261,1,3,male,3.0,4,2,31.3875,S,Third,child,False,,Southampton,yes,False,7,1,1,0,1
498,0,1,female,25.0,1,2,151.55,S,First,woman,False,C,Southampton,no,False,4,0,0,0,0
723,0,2,male,50.0,0,0,13.0,S,Second,man,True,,Southampton,no,True,1,0,1,1,0
806,0,1,male,39.0,0,0,0.0,S,First,man,True,A,Southampton,no,True,1,0,1,0,0
558,1,1,female,39.0,1,1,79.65,S,First,woman,False,E,Southampton,yes,False,3,0,0,0,0
676,0,3,male,24.5,0,0,8.05,S,Third,man,True,,Southampton,no,True,1,0,1,0,1
846,0,3,male,33.17312348668281,8,2,69.55,S,Third,man,True,,Southampton,no,False,11,0,1,0,1
376,1,3,female,22.0,0,0,7.25,S,Third,woman,False,,Southampton,yes,True,1,0,0,0,1
133,1,2,female,29.0,1,0,26.0,S,Second,woman,False,,Southampton,yes,False,2,0,0,1,0
287,0,3,male,22.0,0,0,7.8958,S,Third,man,True,,Southampton,no,True,1,0,1,0,1
465,0,3,male,38.0,0,0,7.05,S,Third,man,True,,Southampton,no,True,1,0,1,0,1
248,1,1,male,37.0,1,1,52.5542,S,First,man,True,D,Southampton,yes,False,3,0,1,0,0
196,0,3,male,33.17312348668281,0,0,7.75,Q,Third,man,True,,Queenstown,no,True,1,0,1,0,1
374,0,3,female,3.0,3,1,21.075,S,Third,child,False,,Southampton,no,False,5,1,0,0,1
338,1,3,male,45.0,0,0,8.05,S,Third,man,True,,Southampton,yes,True,1,0,1,0,1
839,1,1,male,33.17312348668281,0,0,29.7,C,First,man,True,C,Cherbourg,yes,True,1,0,1,0,0
381,1,3,female,1.0,0,2,15.7417,C,Third,child,False,,Cherbourg,yes,False,3,1,0,0,1
841,0,2,male,16.0,0,0,10.5,S,Second,man,True,,Southampton,no,True,1,0,1,1,0
422,0,3,male,29.0,0,0,7.875,S,Third,man,True,,Southampton,no,True,1,0,1,0,1
675,0,3,male,18.0,0,0,7.775,S,Third,man,True,,Southampton,no,True,1,0,1,0,1
464,0,3,male,33.17312348668281,0,0,8.05,S,Third,man,True,,Southampton,no,True,1,0,1,0,1
494,0,3,male,21.0,0,0,8.05,S,Third,man,True,,Southampton,no,True,1,0,1,0,1
770,0,3,male,24.0,0,0,9.5,S,Third,man,True,,Southampton,no,True,1,0,1,0,1
638,0,3,female,41.0,0,5,39.6875,S,Third,woman,False,,Southampton,no,False,6,0,0,0,1
847,0,3,male,35.0,0,0,7.8958,C,Third,man,True,,Cherbourg,no,True,1,0,1,0,1
559,1,3,female,36.0,1,0,17.4,S,Third,woman,False,,Southampton,yes,False,2,0,0,0,1
131,0,3,male,20.0,0,0,7.05,S,Third,man,True,,Southampton,no,True,1,0,1,0,1
611,0,3,male,33.17312348668281,0,0,7.05,S,Third,man,True,,Southampton,no,True,1,0,1,0,1
198,1,3,female,32.0,0,0,7.75,Q,Third,woman,False,,Queenstown,yes,True,1,0,0,0,1
450,0,2,male,36.0,1,2,27.75,S,Second,man,True,,Southampton,no,False,4,0,1,1,0
521,0,3,male,22.0,0,0,7.8958,S,Third,man,True,,Southampton,no,True,1,0,1,0,1
647,1,1,male,56.0,0,0,35.5,C,First,man,True,A,Cherbourg,yes,True,1,0,1,0,0
35,0,1,male,42.0,1,0,52.0,S,First,man,True,,Southampton,no,False,2,0,1,0,0
546,1,2,female,19.0,1,0,26.0,S,Second,woman,False,,Southampton,yes,False,2,0,0,1,0
454,0,3,male,33.17312348668281,0,0,8.05,S,Third,man,True,,Southampton,no,True,1,0,1,0,1
155,0,1,male,51.0,0,1,61.3792,C,First,man,True,,Cherbourg,no,False,2,0,1,0,0
820,1,1,female,52.0,1,1,93.5,S,First,woman,False,B,Southampton,yes,False,3,0,0,0,0
860,0,3,male,41.0,2,0,14.1083,S,Third,man,True,,Southampton,no,False,3,0,1,0,1
808,0,2,male,39.0,0,0,13.0,S,Second,man,True,,Southampton,no,True,1,0,1,1,0
328,1,3,female,31.0,1,1,20.525,S,Third,woman,False,,Southampton,yes,False,3,0,0,0,1
740,1,1,male,33.17312348668281,0,0,30.0,S,First,man,True,D,Southampton,yes,True,1,0,1,0,0
783,0,3,male,33.17312348668281,1,2,23.45,S,Third,man,True,,Southampton,no,False,4,0,1,0,1
413,0,2,male,33.17312348668281,0,0,0.0,S,Second,man,True,,Southampton,no,True,1,0,1,1,0
125,1,3,male,12.0,1,0,11.2417,C,Third,child,False,,Cherbourg,yes,False,2,1,1,0,1
689,1,1,female,15.0,0,1,211.3375,S,First,child,False,B,Southampton,yes,False,2,1,0,0,0
149,0,2,male,42.0,0,0,13.0,S,Second,man,True,,Southampton,no,True,1,0,1,1,0
316,1,2,female,24.0,1,0,26.0,S,Second,woman,False,,Southampton,yes,False,2,0,0,1,0
690,1,1,male,31.0,1,0,57.0,S,First,man,True,B,Southampton,yes,False,2,0,1,0,0
219,0,2,male,30.0,0,0,10.5,S,Second,man,True,,Southampton,no,True,1,0,1,1,0
533,1,3,female,32.0,0,2,22.3583,C,Third,woman,False,,Cherbourg,yes,False,3,0,0,0,1
384,0,3,male,33.17312348668281,0,0,7.8958,S,Third,man,True,,Southampton,no,True,1,0,1,0,1
674,0,2,male,33.17312348668281,0,0,0.0,S,Second,man,True,,Southampton,no,True,1,0,1,1,0
597,0,3,male,49.0,0,0,0.0,S,Third,man,True,,Southampton,no,True,1,0,1,0,1
385,0,2,male,18.0,0,0,73.5,S,Second,man,True,,Southampton,no,True,1,0,1,1,0
542,0,3,female,11.0,4,2,31.275,S,Third,child,False,,Southampton,no,False,7,1,0,0,1
361,0,2,male,29.0,1,0,27.7208,C,Second,man,True,,Cherbourg,no,False,2,0,1,1,0
561,0,3,male,40.0,0,0,7.8958,S,Third,man,True,,Southampton,no,True,1,0,1,0,1
412,1,1,female,33.0,1,0,90.0,Q,First,woman,False,C,Queenstown,yes,False,2,0,0,0,0
171,0,3,male,4.0,4,1,29.125,Q,Third,child,False,,Queenstown,no,False,6,1,1,0,1
830,1,3,female,15.0,1,0,14.4542,C,Third,child,False,,Cherbourg,yes,False,2,1,0,0,1
633,0,1,male,33.17312348668281,0,0,0.0,S,First,man,True,,Southampton,no,True,1,0,1,0,0
628,0,3,male,26.0,0,0,7.8958,S,Third,man,True,,Southampton,no,True,1,0,1,0,1
848,0,2,male,28.0,0,1,33.0,S,Second,man,True,,Southampton,no,False,2,0,1,1,0
832,0,3,male,33.17312348668281,0,0,7.2292,C,Third,man,True,,Cherbourg,no,True,1,0,1,0,1
801,1,2,female,31.0,1,1,26.25,S,Second,woman,False,,Southampton,yes,False,3,0,0,1,0
329,1,1,female,16.0,0,1,57.9792,C,First,woman,False,B,Cherbourg,yes,False,2,0,0,0,0
10,1,3,female,4.0,1,1,16.7,S,Third,child,False,G,Southampton,yes,False,3,1,0,0,1
874,1,2,female,28.0,1,0,24.0,C,Second,woman,False,,Cherbourg,yes,False,2,0,0,1,0
532,0,3,male,17.0,1,1,7.2292,C,Third,man,True,,Cherbourg,no,False,3,0,1,0,1
311,1,1,female,18.0,2,2,262.375,C,First,woman,False,B,Cherbourg,yes,False,5,0,0,0,0
756,0,3,male,28.0,0,0,7.7958,S,Third,man,True,,Southampton,no,True,1,0,1,0,1
535,1,2,female,7.0,0,2,26.25,S,Second,child,False,,Southampton,yes,False,3,1,0,1,0
17,1,2,male,33.17312348668281,0,0,13.0,S,Second,man,True,,Southampton,yes,True,1,0,1,1,0
398,0,2,male,23.0,0,0,10.5,S,Second,man,True,,Southampton,no,True,1,0,1,1,0
833,0,3,male,23.0,0,0,7.8542,S,Third,man,True,,Southampton,no,True,1,0,1,0,1
94,0,3,male,59.0,0,0,7.25,S,Third,man,True,,Southampton,no,True,1,0,1,0,1
686,0,3,male,14.0,4,1,39.6875,S,Third,child,False,,Southampton,no,False,6,1,1,0,1
279,1,3,female,35.0,1,1,20.25,S,Third,woman,False,,Southampton,yes,False,3,0,0,0,1
212,0,3,male,22.0,0,0,7.25,S,Third,man,True,,Southampton,no,True,1,0,1,0,1
144,0,2,male,18.0,0,0,11.5,S,Second,man,True,,Southampton,no,True,1,0,1,1,0
220,1,3,male,16.0,0,0,8.05,S,Third,man,True,,Southampton,yes,True,1,0,1,0,1
399,1,2,female,28.0,0,0,12.65,S,Second,woman,False,,Southampton,yes,True,1,0,0,1,0
515,0,1,male,47.0,0,0,34.0208,S,First,man,True,D,Southampton,no,True,1,0,1,0,0
60,0,3,male,22.0,0,0,7.2292,C,Third,man,True,,Cherbourg,no,True,1,0,1,0,1
0,0,3,male,22.0,1,0,7.25,S,Third,man,True,,Southampton,no,False,2,0,1,0,1
252,0,1,male,62.0,0,0,26.55,S,First,man,True,C,Southampton,no,True,1,0,1,0,0
242,0,2,male,29.0,0,0,10.5,S,Second,man,True,,Southampton,no,True,1,0,1,1,0
733,0,2,male,23.0,0,0,13.0,S,Second,man,True,,Southampton,no,True,1,0,1,1,0
626,0,2,male,57.0,0,0,12.35,Q,Second,man,True,,Queenstown,no,True,1,0,1,1,0
665,0,2,male,32.0,2,0,73.5,S,Second,man,True,,Southampton,no,False,3,0,1,1,0
659,0,1,male,58.0,0,2,113.275,C,First,man,True,D,Cherbourg,no,False,3,0,1,0,0
411,0,3,male,33.17312348668281,0,0,6.8583,Q,Third,man,True,,Queenstown,no,True,1,0,1,0,1
41,0,2,female,27.0,1,0,21.0,S,Second,woman,False,,Southampton,no,False,2,0,0,1,0
78,1,2,male,0.83,0,2,29.0,S,Second,child,False,,Southampton,yes,False,3,1,1,1,0
262,0,1,male,52.0,1,1,79.65,S,First,man,True,E,Southampton,no,False,3,0,1,0,0
429,1,3,male,32.0,0,0,8.05,S,Third,man,True,E,Southampton,yes,True,1,0,1,0,1
539,1,1,female,22.0,0,2,49.5,C,First,woman,False,B,Cherbourg,yes,False,3,0,0,0,0
93,0,3,male,26.0,1,2,20.575,S,Third,man,True,,Southampton,no,False,4,0,1,0,1
213,0,2,male,30.0,0,0,13.0,S,Second,man,True,,Southampton,no,True,1,0,1,1,0
451,0,3,male,33.17312348668281,1,0,19.9667,S,Third,man,True,,Southampton,no,False,2,0,1,0,1
794,0,3,male,25.0,0,0,7.8958,S,Third,man,True,,Southampton,no,True,1,0,1,0,1
377,0,1,male,27.0,0,2,211.5,C,First,man,True,C,Cherbourg,no,False,3,0,1,0,0
397,0,2,male,46.0,0,0,26.0,S,Second,man,True,,Southampton,no,True,1,0,1,1,0
148,0,2,male,36.5,0,2,26.0,S,Second,man,True,F,Southampton,no,False,3,0,1,1,0
244,0,3,male,30.0,0,0,7.225,C,Third,man,True,,Cherbourg,no,True,1,0,1,0,1
38,0,3,female,18.0,2,0,18.0,S,Third,woman,False,,Southampton,no,False,3,0,0,0,1
538,0,3,male,33.17312348668281,0,0,14.5,S,Third,man,True,,Southampton,no,True,1,0,1,0,1
582,0,2,male,54.0,0,0,26.0,S,Second,man,True,,Southampton,no,True,1,0,1,1,0
393,1,1,female,23.0,1,0,113.275,C,First,woman,False,D,Cherbourg,yes,False,2,0,0,0,0
512,1,1,male,36.0,0,0,26.2875,S,First,man,True,E,Southampton,yes,True,1,0,1,0,0
510,1,3,male,29.0,0,0,7.75,Q,Third,man,True,,Queenstown,yes,True,1,0,1,0,1
758,0,3,male,34.0,0,0,8.05,S,Third,man,True,,Southampton,no,True,1,0,1,0,1
222,0,3,male,51.0,0,0,8.05,S,Third,man,True,,Southampton,no,True,1,0,1,0,1
562,0,2,male,28.0,0,0,13.5,S,Second,man,True,,Southampton,no,True,1,0,1,1,0
759,1,1,female,33.0,0,0,86.5,S,First,woman,False,B,Southampton,yes,True,1,0,0,0,0
605,0,3,male,36.0,1,0,15.55,S,Third,man,True,,Southampton,no,False,2,0,1,0,1
174,0,1,male,56.0,0,0,30.6958,C,First,man,True,A,Cherbourg,no,True,1,0,1,0,0
704,0,3,male,26.0,1,0,7.8542,S,Third,man,True,,Southampton,no,False,2,0,1,0,1
21,1,2,male,34.0,0,0,13.0,S,Second,man,True,D,Southampton,yes,True,1,0,1,1,0
331,0,1,male,45.5,0,0,28.5,S,First,man,True,C,Southampton,no,True,1,0,1,0,0
19,1,3,female,32.0,0,0,7.225,C,Third,woman,False,,Cherbourg,yes,True,1,0,0,0,1
183,1,2,male,1.0,2,1,39.0,S,Second,child,False,F,Southampton,yes,False,4,1,1,1,0
327,1,2,female,36.0,0,0,13.0,S,Second,woman,False,D,Southampton,yes,True,1,0,0,1,0
369,1,1,female,24.0,0,0,69.3,C,First,woman,False,B,Cherbourg,yes,True,1,0,0,0,0
292,0,2,male,36.0,0,0,12.875,C,Second,man,True,D,Cherbourg,no,True,1,0,1,1,0
57,0,3,male,28.5,0,0,7.2292,C,Third,man,True,,Cherbourg,no,True,1,0,1,0,1
58,1,2,female,5.0,1,2,27.75,S,Second,child,False,,Southampton,yes,False,4,1,0,1,0
762,1,3,male,20.0,0,0,7.2292,C,Third,man,True,,Cherbourg,yes,True,1,0,1,0,1
541,0,3,female,9.0,4,2,31.275,S,Third,child,False,,Southampton,no,False,7,1,0,0,1
584,0,3,male,33.17312348668281,0,0,8.7125,C,Third,man,True,,Cherbourg,no,True,1,0,1,0,1
55,1,1,male,33.17312348668281,0,0,35.5,S,First,man,True,C,Southampton,yes,True,1,0,1,0,0
69,0,3,male,26.0,2,0,8.6625,S,Third,man,True,,Southampton,no,False,3,0,1,0,1
70,0,2,male,32.0,0,0,10.5,S,Second,man,True,,Southampton,no,True,1,0,1,1,0
778,0,3,male,33.17312348668281,0,0,7.7375,Q,Third,man,True,,Queenstown,no,True,1,0,1,0,1
480,0,3,male,9.0,5,2,46.9,S,Third,child,False,,Southampton,no,False,8,1,1,0,1
456,0,1,male,65.0,0,0,26.55,S,First,man,True,E,Southampton,no,True,1,0,1,0,0
742,1,1,female,21.0,2,2,262.375,C,First,woman,False,B,Cherbourg,yes,False,5,0,0,0,0
462,0,1,male,47.0,0,0,38.5,S,First,man,True,E,Southampton,no,True,1,0,1,0,0
825,0,3,male,33.17312348668281,0,0,6.95,Q,Third,man,True,,Queenstown,no,True,1,0,1,0,1
64,0,1,male,33.17312348668281,0,0,27.7208,C,First,man,True,,Cherbourg,no,True,1,0,1,0,0
257,1,1,female,30.0,0,0,86.5,S,First,woman,False,B,Southampton,yes,True,1,0,0,0,0
314,0,2,male,43.0,1,1,26.25,S,Second,man,True,,Southampton,no,False,3,0,1,1,0
507,1,1,male,33.17312348668281,0,0,26.55,S,First,man,True,,Southampton,yes,True,1,0,1,0,0
167,0,3,female,45.0,1,4,27.9,S,Third,woman,False,,Southampton,no,False,6,0,0,0,1
168,0,1,male,33.17312348668281,0,0,25.925,S,First,man,True,,Southampton,no,True,1,0,1,0,0
24,0,3,female,8.0,3,1,21.075,S,Third,child,False,,Southampton,no,False,5,1,0,0,1
45,0,3,male,33.17312348668281,0,0,8.05,S,Third,man,True,,Southampton,no,True,1,0,1,0,1
479,1,3,female,2.0,0,1,12.2875,S,Third,child,False,,Southampton,yes,False,2,1,0,0,1
180,0,3,female,32.0,8,2,69.55,S,Third,woman,False,,Southampton,no,False,11,0,0,0,1
107,1,3,male,33.17312348668281,0,0,7.775,S,Third,man,True,,Southampton,yes,True,1,0,1,0,1
779,1,1,female,43.0,0,1,211.3375,S,First,woman,False,B,Southampton,yes,False,2,0,0,0,0
274,1,3,female,32.0,0,0,7.75,Q,Third,woman,False,,Queenstown,yes,True,1,0,0,0,1
508,0,3,male,28.0,0,0,22.525,S,Third,man,True,,Southampton,no,True,1,0,1,0,1
603,0,3,male,44.0,0,0,8.05,S,Third,man,True,,Southampton,no,True,1,0,1,0,1
607,1,1,male,27.0,0,0,30.5,S,First,man,True,,Southampton,yes,True,1,0,1,0,0
864,0,2,male,24.0,0,0,13.0,S,Second,man,True,,Southampton,no,True,1,0,1,1,0
318,1,1,female,31.0,0,2,164.8667,S,First,woman,False,C,Southampton,yes,False,3,0,0,0,0
769,0,3,male,32.0,0,0,8.3625,S,Third,man,True,,Southampton,no,True,1,0,1,0,1
876,0,3,male,20.0,0,0,9.8458,S,Third,man,True,,Southampton,no,True,1,0,1,0,1
256,1,1,female,32.0,0,0,79.2,C,First,woman,False,,Cherbourg,yes,True,1,0,0,0,0
435,1,1,female,14.0,1,2,120.0,S,First,child,False,B,Southampton,yes,False,4,1,0,0,0
745,0,1,male,70.0,1,1,71.0,S,First,man,True,B,Southampton,no,False,3,0,1,0,0
62,0,1,male,45.0,1,0,83.475,S,First,man,True,C,Southampton,no,False,2,0,1,0,0
432,1,2,female,42.0,1,0,26.0,S,Second,woman,False,,Southampton,yes,False,2,0,0,1,0
378,0,3,male,20.0,0,0,4.0125,C,Third,man,True,,Cherbourg,no,True,1,0,1,0,1
141,1,3,female,22.0,0,0,7.75,S,Third,woman,False,,Southampton,yes,True,1,0,0,0,1
187,1,1,male,45.0,0,0,26.55,S,First,man,True,,Southampton,yes,True,1,0,1,0,0
407,1,2,male,3.0,1,1,18.75,S,Second,child,False,,Southampton,yes,False,3,1,1,1,0
207,1,3,male,26.0,0,0,18.7875,C,Third,man,True,,Cherbourg,yes,True,1,0,1,0,1
258,1,1,female,35.0,0,0,512.3292,C,First,woman,False,,Cherbourg,yes,True,1,0,0,0,0
319,1,1,female,40.0,1,1,134.5,C,First,woman,False,E,Cherbourg,yes,False,3,0,0,0,0
678,0,3,female,43.0,1,6,46.9,S,Third,woman,False,,Southampton,no,False,8,0,0,0,1
76,0,3,male,33.17312348668281,0,0,7.8958,S,Third,man,True,,Southampton,no,True,1,0,1,0,1
493,0,1,male,71.0,0,0,49.5042,C,First,man,True,,Cherbourg,no,True,1,0,1,0,0
206,0,3,male,32.0,1,0,15.85,S,Third,man,True,,Southampton,no,False,2,0,1,0,1
613,0,3,male,33.17312348668281,0,0,7.75,Q,Third,man,True,,Queenstown,no,True,1,0,1,0,1
165,1,3,male,9.0,0,2,20.525,S,Third,child,False,,Southampton,yes,False,3,1,1,0,1
373,0,1,male,22.0,0,0,135.6333,C,First,man,True,,Cherbourg,no,True,1,0,1,0,0
654,0,3,female,18.0,0,0,6.75,Q,Third,woman,False,,Queenstown,no,True,1,0,0,0,1
845,0,3,male,42.0,0,0,7.55,S,Third,man,True,,Southampton,no,True,1,0,1,0,1
484,1,1,male,25.0,1,0,91.0792,C,First,man,True,B,Cherbourg,yes,False,2,0,1,0,0
796,1,1,female,49.0,0,0,25.9292,S,First,woman,False,D,Southampton,yes,True,1,0,0,0,0
50,0,3,male,7.0,4,1,39.6875,S,Third,child,False,,Southampton,no,False,6,1,1,0,1
162,0,3,male,26.0,0,0,7.775,S,Third,man,True,,Southampton,no,True,1,0,1,0,1
294,0,3,male,24.0,0,0,7.8958,S,Third,man,True,,Southampton,no,True,1,0,1,0,1
297,0,1,female,2.0,1,2,151.55,S,First,child,False,C,Southampton,no,False,4,1,0,0,0
555,0,1,male,62.0,0,0,26.55,S,First,man,True,,Southampton,no,True,1,0,1,0,0
815,0,1,male,33.17312348668281,0,0,0.0,S,First,man,True,B,Southampton,no,True,1,0,1,0,0
780,1,3,female,13.0,0,0,7.2292,C,Third,child,False,,Cherbourg,yes,True,1,1,0,0,1
513,1,1,female,54.0,1,0,59.4,C,First,woman,False,,Cherbourg,yes,False,2,0,0,0,0
366,1,1,female,60.0,1,0,75.25,C,First,woman,False,D,Cherbourg,yes,False,2,0,0,0,0
514,0,3,male,24.0,0,0,7.4958,S,Third,man,True,,Southampton,no,True,1,0,1,0,1
37,0,3,male,21.0,0,0,8.05,S,Third,man,True,,Southampton,no,True,1,0,1,0,1
683,0,3,male,14.0,5,2,46.9,S,Third,child,False,,Southampton,no,False,8,1,1,0,1
487,0,1,male,58.0,0,0,29.7,C,First,man,True,B,Cherbourg,no,True,1,0,1,0,0
112,0,3,male,22.0,0,0,8.05,S,Third,man,True,,Southampton,no,True,1,0,1,0,1
438,0,1,male,64.0,1,4,263.0,S,First,man,True,C,Southampton,no,False,6,0,1,0,0
822,0,1,male,38.0,0,0,0.0,S,First,man,True,,Southampton,no,True,1,0,1,0,0
722,0,2,male,34.0,0,0,13.0,S,Second,man,True,,Southampton,no,True,1,0,1,1,0
67,0,3,male,19.0,0,0,8.1583,S,Third,man,True,,Southampton,no,True,1,0,1,0,1
644,1,3,female,0.75,2,1,19.2583,C,Third,child,False,,Cherbourg,yes,False,4,1,0,0,1
671,0,1,male,31.0,1,0,52.0,S,First,man,True,B,Southampton,no,False,2,0,1,0,0
77,0,3,male,33.17312348668281,0,0,8.05,S,Third,man,True,,Southampton,no,True,1,0,1,0,1
444,1,3,male,33.17312348668281,0,0,8.1125,S,Third,man,True,,Southampton,yes,True,1,0,1,0,1
663,0,3,male,36.0,0,0,7.4958,S,Third,man,True,,Southampton,no,True,1,0,1,0,1
32,1,3,female,32.0,0,0,7.75,Q,Third,woman,False,,Queenstown,yes,True,1,0,0,0,1
537,1,1,female,30.0,0,0,106.425,C,First,woman,False,,Cherbourg,yes,True,1,0,0,0,0
565,0,3,male,24.0,2,0,24.15,S,Third,man,True,,Southampton,no,False,3,0,1,0,1
701,1,1,male,35.0,0,0,26.2875,S,First,man,True,E,Southampton,yes,True,1,0,1,0,0
824,0,3,male,2.0,4,1,39.6875,S,Third,child,False,,Southampton,no,False,6,1,1,0,1
119,0,3,female,2.0,4,2,31.275,S,Third,child,False,,Southampton,no,False,7,1,0,0,1
697,1,3,female,32.0,0,0,7.7333,Q,Third,woman,False,,Queenstown,yes,True,1,0,0,0,1
646,0,3,male,19.0,0,0,7.8958,S,Third,man,True,,Southampton,no,True,1,0,1,0,1
123,1,2,female,32.5,0,0,13.0,S,Second,woman,False,E,Southampton,yes,True,1,0,0,1,0
437,1,2,female,24.0,2,3,18.75,S,Second,woman,False,,Southampton,yes,False,6,0,0,1,0
887,1,1,female,19.0,0,0,30.0,S,First,woman,False,B,Southampton,yes,True,1,0,0,0,0
749,0,3,male,31.0,0,0,7.75,Q,Third,man,True,,Queenstown,no,True,1,0,1,0,1
239,0,2,male,33.0,0,0,12.275,S,Second,man,True,,Southampton,no,True,1,0,1,1,0
717,1,2,female,27.0,0,0,10.5,S,Second,woman,False,E,Southampton,yes,True,1,0,0,1,0
753,0,3,male,23.0,0,0,7.8958,S,Third,man,True,,Southampton,no,True,1,0,1,0,1
61,1,1,female,38.0,0,0,80.0,,First,woman,False,B,,yes,True,1,0,0,0,0
391,1,3,male,21.0,0,0,7.7958,S,Third,man,True,,Southampton,yes,True,1,0,1,0,1
6,0,1,male,54.0,0,0,51.8625,S,First,man,True,E,Southampton,no,True,1,0,1,0,0
814,0,3,male,30.5,0,0,8.05,S,Third,man,True,,Southampton,no,True,1,0,1,0,1
797,1,3,female,31.0,0,0,8.6833,S,Third,woman,False,,Southampton,yes,True,1,0,0,0,1
488,0,3,male,30.0,0,0,8.05,S,Third,man,True,,Southampton,no,True,1,0,1,0,1
223,0,3,male,33.17312348668281,0,0,7.8958,S,Third,man,True,,Southampton,no,True,1,0,1,0,1
754,1,2,female,48.0,1,2,65.0,S,Second,woman,False,,Southampton,yes,False,4,0,0,1,0
534,0,3,female,30.0,0,0,8.6625,S,Third,woman,False,,Southampton,no,True,1,0,0,0,1
232,0,2,male,59.0,0,0,13.5,S,Second,man,True,,Southampton,no,True,1,0,1,1,0
826,0,3,male,33.17312348668281,0,0,56.4958,S,Third,man,True,,Southampton,no,True,1,0,1,0,1
315,1,3,female,26.0,0,0,7.8542,S,Third,woman,False,,Southampton,yes,True,1,0,0,0,1
118,0,1,male,24.0,0,1,247.5208,C,First,man,True,B,Cherbourg,no,False,2,0,1,0,0
618,1,2,female,4.0,2,1,39.0,S,Second,child,False,F,Southampton,yes,False,4,1,0,1,0
86,0,3,male,16.0,1,3,34.375,S,Third,man,True,,Southampton,no,False,5,0,1,0,1
197,0,3,male,42.0,0,1,8.4042,S,Third,man,True,,Southampton,no,False,2,0,1,0,1
645,1,1,male,48.0,1,0,76.7292,C,First,man,True,D,Cherbourg,yes,False,2,0,1,0,0
871,1,1,female,47.0,1,1,52.5542,S,First,woman,False,D,Southampton,yes,False,3,0,0,0,0
768,0,3,male,33.17312348668281,1,0,24.15,Q,Third,man,True,,Queenstown,no,False,2,0,1,0,1
884,0,3,male,25.0,0,0,7.05,S,Third,man,True,,Southampton,no,True,1,0,1,0,1
301,1,3,male,33.17312348668281,2,0,23.25,Q,Third,man,True,,Queenstown,yes,False,3,0,1,0,1
466,0,2,male,33.17312348668281,0,0,0.0,S,Second,man,True,,Southampton,no,True,1,0,1,1,0
486,1,1,female,35.0,1,0,90.0,S,First,woman,False,C,Southampton,yes,False,2,0,0,0,0
509,1,3,male,26.0,0,0,56.4958,S,Third,man,True,,Southampton,yes,True,1,0,1,0,1
382,0,3,male,32.0,0,0,7.925,S,Third,man,True,,Southampton,no,True,1,0,1,0,1
585,1,1,female,18.0,0,2,79.65,S,First,woman,False,E,Southampton,yes,False,3,0,0,0,0
200,0,3,male,28.0,0,0,9.5,S,Third,man,True,,Southampton,no,True,1,0,1,0,1
572,1,1,male,36.0,0,0,26.3875,S,First,man,True,E,Southampton,yes,True,1,0,1,0,0
570,1,2,male,62.0,0,0,10.5,S,Second,man,True,,Southampton,yes,True,1,0,1,1,0
468,0,3,male,33.17312348668281,0,0,7.725,Q,Third,man,True,,Queenstown,no,True,1,0,1,0,1
88,1,1,female,23.0,3,2,263.0,S,First,woman,False,C,Southampton,yes,False,6,0,0,0,0
36,1,3,male,33.17312348668281,0,0,7.2292,C,Third,man,True,,Cherbourg,yes,True,1,0,1,0,1
530,1,2,female,2.0,1,1,26.0,S,Second,child,False,,Southampton,yes,False,3,1,0,1,0
365,0,3,male,30.0,0,0,7.25,S,Third,man,True,,Southampton,no,True,1,0,1,0,1
651,1,2,female,18.0,0,1,23.0,S,Second,woman,False,,Southampton,yes,False,2,0,0,1,0
862,1,1,female,48.0,0,0,25.9292,S,First,woman,False,D,Southampton,yes,True,1,0,0,0,0
782,0,1,male,29.0,0,0,30.0,S,First,man,True,D,Southampton,no,True,1,0,1,0,0
255,1,3,female,29.0,0,2,15.2458,C,Third,woman,False,,Cherbourg,yes,False,3,0,0,0,1
602,0,1,male,33.17312348668281,0,0,42.4,S,First,man,True,,Southampton,no,True,1,0,1,0,0
447,1,1,male,34.0,0,0,26.55,S,First,man,True,,Southampton,yes,True,1,0,1,0,0
810,0,3,male,26.0,0,0,7.8875,S,Third,man,True,,Southampton,no,True,1,0,1,0,1
161,1,2,female,40.0,0,0,15.75,S,Second,woman,False,,Southampton,yes,True,1,0,0,1,0
182,0,3,male,9.0,4,2,31.3875,S,Third,child,False,,Southampton,no,False,7,1,1,0,1
448,1,3,female,5.0,2,1,19.2583,C,Third,child,False,,Cherbourg,yes,False,4,1,0,0,1
811,0,3,male,39.0,0,0,24.15,S,Third,man,True,,Southampton,no,True,1,0,1,0,1
75,0,3,male,25.0,0,0,7.65,S,Third,man,True,F,Southampton,no,True,1,0,1,0,1
788,1,3,male,1.0,1,2,20.575,S,Third,child,False,,Southampton,yes,False,4,1,1,0,1
879,1,1,female,56.0,0,1,83.1583,C,First,woman,False,C,Cherbourg,yes,False,2,0,0,0,0
389,1,2,female,17.0,0,0,12.0,C,Second,woman,False,,Cherbourg,yes,True,1,0,0,1,0
453,1,1,male,49.0,1,0,89.1042,C,First,man,True,C,Cherbourg,yes,False,2,0,1,0,0
79,1,3,female,30.0,0,0,12.475,S,Third,woman,False,,Southampton,yes,True,1,0,0,0,1
757,0,2,male,18.0,0,0,11.5,S,Second,man,True,,Southampton,no,True,1,0,1,1,0
295,0,1,male,33.17312348668281,0,0,27.7208,C,First,man,True,,Cherbourg,no,True,1,0,1,0,0
169,0,3,male,28.0,0,0,56.4958,S,Third,man,True,,Southampton,no,True,1,0,1,0,1
861,0,2,male,21.0,1,0,11.5,S,Second,man,True,,Southampton,no,False,2,0,1,1,0
259,1,2,female,50.0,0,1,26.0,S,Second,woman,False,,Southampton,yes,False,2,0,0,1,0
548,0,3,male,33.0,1,1,20.525,S,Third,man,True,,Southampton,no,False,3,0,1,0,1
426,1,2,female,28.0,1,0,26.0,S,Second,woman,False,,Southampton,yes,False,2,0,0,1,0
727,1,3,female,32.0,0,0,7.7375,Q,Third,woman,False,,Queenstown,yes,True,1,0,0,0,1
784,0,3,male,25.0,0,0,7.05,S,Third,man,True,,Southampton,no,True,1,0,1,0,1
829,1,1,female,62.0,0,0,80.0,,First,woman,False,B,,yes,True,1,0,0,0,0
667,0,3,male,33.17312348668281,0,0,7.775,S,Third,man,True,,Southampton,no,True,1,0,1,0,1
251,0,3,female,29.0,1,1,10.4625,S,Third,woman,False,G,Southampton,no,False,3,0,0,0,1
875,1,3,female,15.0,0,0,7.225,C,Third,child,False,,Cherbourg,yes,True,1,1,0,0,1
706,1,2,female,45.0,0,0,13.5,S,Second,woman,False,,Southampton,yes,True,1,0,0,1,0
185,0,1,male,33.17312348668281,0,0,50.0,S,First,man,True,A,Southampton,no,True,1,0,1,0,0
474,0,3,female,22.0,0,0,9.8375,S,Third,woman,False,,Southampton,no,True,1,0,0,0,1
890,0,3,male,32.0,0,0,7.75,Q,Third,man,True,,Queenstown,no,True,1,0,1,0,1
158,0,3,male,33.17312348668281,0,0,8.6625,S,Third,man,True,,Southampton,no,True,1,0,1,0,1
608,1,2,female,22.0,1,2,41.5792,C,Second,woman,False,,Cherbourg,yes,False,4,0,0,1,0
503,0,3,female,37.0,0,0,9.5875,S,Third,woman,False,,Southampton,no,True,1,0,0,0,1
443,1,2,female,28.0,0,0,13.0,S,Second,woman,False,,Southampton,yes,True,1,0,0,1,0
304,0,3,male,33.17312348668281,0,0,8.05,S,Third,man,True,,Southampton,no,True,1,0,1,0,1
33,0,2,male,66.0,0,0,10.5,S,Second,man,True,,Southampton,no,True,1,0,1,1,0
699,0,3,male,42.0,0,0,7.65,S,Third,man,True,F,Southampton,no,True,1,0,1,0,1
516,1,2,female,34.0,0,0,10.5,S,Second,woman,False,F,Southampton,yes,True,1,0,0,1,0
267,1,3,male,25.0,1,0,7.775,S,Third,man,True,,Southampton,yes,False,2,0,1,0,1
455,1,3,male,29.0,0,0,7.8958,C,Third,man,True,,Cherbourg,yes,True,1,0,1,0,1
594,0,2,male,37.0,1,0,26.0,S,Second,man,True,,Southampton,no,False,2,0,1,1,0
333,0,3,male,16.0,2,0,18.0,S,Third,man,True,,Southampton,no,False,3,0,1,0,1
872,0,1,male,33.0,0,0,5.0,S,First,man,True,B,Southampton,no,True,1,0,1,0,0
151,1,1,female,22.0,1,0,66.6,S,First,woman,False,C,Southampton,yes,False,2,0,0,0,0
356,1,1,female,22.0,0,1,55.0,S,First,woman,False,E,Southampton,yes,False,2,0,0,0,0
130,0,3,male,33.0,0,0,7.8958,C,Third,man,True,,Cherbourg,no,True,1,0,1,0,1
774,1,2,female,54.0,1,3,23.0,S,Second,woman,False,,Southampton,yes,False,5,0,0,1,0
215,1,1,female,31.0,1,0,113.275,C,First,woman,False,D,Cherbourg,yes,False,2,0,0,0,0
867,0,1,male,31.0,0,0,50.4958,S,First,man,True,A,Southampton,no,True,1,0,1,0,0
612,1,3,female,32.0,1,0,15.5,Q,Third,woman,False,,Queenstown,yes,False,2,0,0,0,1
278,0,3,male,7.0,4,1,29.125,Q,Third,child,False,,Queenstown,no,False,6,1,1,0,1
202,0,3,male,34.0,0,0,6.4958,S,Third,man,True,,Southampton,no,True,1,0,1,0,1
87,0,3,male,33.17312348668281,0,0,8.05,S,Third,man,True,,Southampton,no,True,1,0,1,0,1
881,0,3,male,33.0,0,0,7.8958,S,Third,man,True,,Southampton,no,True,1,0,1,0,1
551,0,2,male,27.0,0,0,26.0,S,Second,man,True,,Southampton,no,True,1,0,1,1,0
309,1,1,female,30.0,0,0,56.9292,C,First,woman,False,E,Cherbourg,yes,True,1,0,0,0,0
434,0,1,male,50.0,1,0,55.9,S,First,man,True,E,Southampton,no,False,2,0,1,0,0
95,0,3,male,33.17312348668281,0,0,8.05,S,Third,man,True,,Southampton,no,True,1,0,1,0,1
224,1,1,male,38.0,1,0,90.0,S,First,man,True,C,Southampton,yes,False,2,0,1,0,0
263,0,1,male,40.0,0,0,0.0,S,First,man,True,B,Southampton,no,True,1,0,1,0,0
567,0,3,female,29.0,0,4,21.075,S,Third,woman,False,,Southampton,no,False,5,0,0,0,1
564,0,3,female,32.0,0,0,8.05,S,Third,woman,False,,Southampton,no,True,1,0,0,0,1
408,0,3,male,21.0,0,0,7.775,S,Third,man,True,,Southampton,no,True,1,0,1,0,1
286,1,3,male,30.0,0,0,9.5,S,Third,man,True,,Southampton,yes,True,1,0,1,0,1
790,0,3,male,33.17312348668281,0,0,7.75,Q,Third,man,True,,Queenstown,no,True,1,0,1,0,1
501,0,3,female,21.0,0,0,7.75,Q,Third,woman,False,,Queenstown,no,True,1,0,0,0,1
44,1,3,female,19.0,0,0,7.8792,Q,Third,woman,False,,Queenstown,yes,True,1,0,0,0,1
688,0,3,male,18.0,0,0,7.7958,S,Third,man,True,,Southampton,no,True,1,0,1,0,1
54,0,1,male,65.0,0,1,61.9792,C,First,man,True,B,Cherbourg,no,False,2,0,1,0,0
746,0,3,male,16.0,1,1,20.25,S,Third,man,True,,Southampton,no,False,3,0,1,0,1
253,0,3,male,30.0,1,0,16.1,S,Third,man,True,,Southampton,no,False,2,0,1,0,1
307,1,1,female,17.0,1,0,108.9,C,First,woman,False,C,Cherbourg,yes,False,2,0,0,0,0
364,0,3,male,33.17312348668281,1,0,15.5,Q,Third,man,True,,Queenstown,no,False,2,0,1,0,1
336,0,1,male,29.0,1,0,66.6,S,First,man,True,C,Southampton,no,False,2,0,1,0,0
636,0,3,male,32.0,0,0,7.925,S,Third,man,True,,Southampton,no,True,1,0,1,0,1
571,1,1,female,53.0,2,0,51.4792,S,First,woman,False,C,Southampton,yes,False,3,0,0,0,0
441,0,3,male,20.0,0,0,9.5,S,Third,man,True,,Southampton,no,True,1,0,1,0,1
71,0,3,female,16.0,5,2,46.9,S,Third,woman,False,,Southampton,no,False,8,0,0,0,1
660,1,1,male,50.0,2,0,133.65,S,First,man,True,,Southampton,yes,False,3,0,1,0,0
280,0,3,male,65.0,0,0,7.75,Q,Third,man,True,,Queenstown,no,True,1,0,1,0,1
581,1,1,female,39.0,1,1,110.8833,C,First,woman,False,C,Cherbourg,yes,False,3,0,0,0,0
254,0,3,female,41.0,0,2,20.2125,S,Third,woman,False,,Southampton,no,False,3,0,0,0,1
724,1,1,male,27.0,1,0,53.1,S,First,man,True,E,Southampton,yes,False,2,0,1,0,0
634,0,3,female,9.0,3,2,27.9,S,Third,child,False,,Southampton,no,False,6,1,0,0,1
543,1,2,male,32.0,1,0,26.0,S,Second,man,True,,Southampton,yes,False,2,0,1,1,0
176,0,3,male,33.17312348668281,3,1,25.4667,S,Third,man,True,,Southampton,no,False,5,0,1,0,1
812,0,2,male,35.0,0,0,10.5,S,Second,man,True,,Southampton,no,True,1,0,1,1,0
849,1,1,female,32.0,1,0,89.1042,C,First,woman,False,C,Cherbourg,yes,False,2,0,0,0,0
586,0,2,male,47.0,0,0,15.0,S,Second,man,True,,Southampton,no,True,1,0,1,1,0
601,0,3,male,33.17312348668281,0,0,7.8958,S,Third,man,True,,Southampton,no,True,1,0,1,0,1
837,0,3,male,33.17312348668281,0,0,8.05,S,Third,man,True,,Southampton,no,True,1,0,1,0,1
703,0,3,male,25.0,0,0,7.7417,Q,Third,man,True,,Queenstown,no,True,1,0,1,0,1
652,0,3,male,21.0,0,0,8.4333,S,Third,man,True,,Southampton,no,True,1,0,1,0,1
506,1,2,female,33.0,0,2,26.0,S,Second,woman,False,,Southampton,yes,False,3,0,0,1,0
29,0,3,male,33.17312348668281,0,0,7.8958,S,Third,man,True,,Southampton,no,True,1,0,1,0,1
679,1,1,male,36.0,0,1,512.3292,C,First,man,True,B,Cherbourg,yes,False,2,0,1,0,0
404,0,3,female,20.0,0,0,8.6625,S,Third,woman,False,,Southampton,no,True,1,0,0,0,1
264,0,3,female,32.0,0,0,7.75,Q,Third,woman,False,,Queenstown,no,True,1,0,0,0,1
284,0,1,male,33.17312348668281,0,0,26.0,S,First,man,True,A,Southampton,no,True,1,0,1,0,0
410,0,3,male,33.17312348668281,0,0,7.8958,S,Third,man,True,,Southampton,no,True,1,0,1,0,1
175,0,3,male,18.0,1,1,7.8542,S,Third,man,True,,Southampton,no,False,3,0,1,0,1
313,0,3,male,28.0,0,0,7.8958,S,Third,man,True,,Southampton,no,True,1,0,1,0,1
191,0,2,male,19.0,0,0,13.0,S,Second,man,True,,Southampton,no,True,1,0,1,1,0
855,1,3,female,18.0,0,1,9.35,S,Third,woman,False,,Southampton,yes,False,2,0,0,0,1
375,1,1,female,32.0,1,0,82.1708,C,First,woman,False,,Cherbourg,yes,False,2,0,0,0,0
137,0,1,male,37.0,1,0,53.1,S,First,man,True,C,Southampton,no,False,2,0,1,0,0
152,0,3,male,55.5,0,0,8.05,S,Third,man,True,,Southampton,no,True,1,0,1,0,1
500,0,3,male,17.0,0,0,8.6625,S,Third,man,True,,Southampton,no,True,1,0,1,0,1
752,0,3,male,33.0,0,0,9.5,S,Third,man,True,,Southampton,no,True,1,0,1,0,1
821,1,3,male,27.0,0,0,8.6625,S,Third,man,True,,Southampton,yes,True,1,0,1,0,1
48,0,3,male,33.17312348668281,2,0,21.6792,C,Third,man,True,,Cherbourg,no,False,3,0,1,0,1
22,1,3,female,15.0,0,0,8.0292,Q,Third,child,False,,Queenstown,yes,True,1,1,0,0,1
476,0,2,male,34.0,1,0,21.0,S,Second,man,True,,Southampton,no,False,2,0,1,1,0
138,0,3,male,16.0,0,0,9.2167,S,Third,man,True,,Southampton,no,True,1,0,1,0,1
658,0,2,male,23.0,0,0,13.0,S,Second,man,True,,Southampton,no,True,1,0,1,1,0
90,0,3,male,29.0,0,0,8.05,S,Third,man,True,,Southampton,no,True,1,0,1,0,1
427,1,2,female,19.0,0,0,26.0,S,Second,woman,False,,Southampton,yes,True,1,0,0,1,0
210,0,3,male,24.0,0,0,7.05,S,Third,man,True,,Southampton,no,True,1,0,1,0,1
417,1,2,female,18.0,0,2,13.0,S,Second,woman,False,,Southampton,yes,False,3,0,0,1,0
566,0,3,male,19.0,0,0,7.8958,S,Third,man,True,,Southampton,no,True,1,0,1,0,1
250,0,3,male,33.17312348668281,0,0,7.25,S,Third,man,True,,Southampton,no,True,1,0,1,0,1
730,1,1,female,29.0,0,0,211.3375,S,First,woman,False,B,Southampton,yes,True,1,0,0,0,0
46,0,3,male,33.17312348668281,1,0,15.5,Q,Third,man,True,,Queenstown,no,False,2,0,1,0,1
869,1,3,male,4.0,1,1,11.1333,S,Third,child,False,,Southampton,yes,False,3,1,1,0,1
813,0,3,female,6.0,4,2,31.275,S,Third,child,False,,Southampton,no,False,7,1,0,0,1
838,1,3,male,32.0,0,0,56.4958,S,Third,man,True,,Southampton,yes,True,1,0,1,0,1
8,1,3,female,27.0,0,2,11.1333,S,Third,woman,False,,Southampton,yes,False,3,0,0,0,1
800,0,2,male,34.0,0,0,13.0,S,Second,man,True,,Southampton,no,True,1,0,1,1,0
320,0,3,male,22.0,0,0,7.25,S,Third,man,True,,Southampton,no,True,1,0,1,0,1
237,1,2,female,8.0,0,2,26.25,S,Second,child,False,,Southampton,yes,False,3,1,0,1,0
657,0,3,female,32.0,1,1,15.5,Q,Third,woman,False,,Queenstown,no,False,3,0,0,0,1
166,1,1,female,32.0,0,1,55.0,S,First,woman,False,E,Southampton,yes,False,2,0,0,0,0
221,0,2,male,27.0,0,0,13.0,S,Second,man,True,,Southampton,no,True,1,0,1,1,0
235,0,3,female,32.0,0,0,7.55,S,Third,woman,False,,Southampton,no,True,1,0,0,0,1
120,0,2,male,21.0,2,0,73.5,S,Second,man,True,,Southampton,no,False,3,0,1,1,0
809,1,1,female,33.0,1,0,53.1,S,First,woman,False,E,Southampton,yes,False,2,0,0,0,0
529,0,2,male,23.0,2,1,11.5,S,Second,man,True,,Southampton,no,False,4,0,1,1,0
544,0,1,male,50.0,1,0,106.425,C,First,man,True,C,Cherbourg,no,False,2,0,1,0,0
786,1,3,female,18.0,0,0,7.4958,S,Third,woman,False,,Southampton,yes,True,1,0,0,0,1
483,1,3,female,63.0,0,0,9.5875,S,Third,woman,False,,Southampton,yes,True,1,0,0,0,1
310,1,1,female,24.0,0,0,83.1583,C,First,woman,False,C,Cherbourg,yes,True,1,0,0,0,0
545,0,1,male,64.0,0,0,26.0,S,First,man,True,,Southampton,no,True,1,0,1,0,0
268,1,1,female,58.0,0,1,153.4625,S,First,woman,False,C,Southampton,yes,False,2,0,0,0,0
65,1,3,male,33.17312348668281,1,1,15.2458,C,Third,man,True,,Cherbourg,yes,False,3,0,1,0,1
56,1,2,female,21.0,0,0,10.5,S,Second,woman,False,,Southampton,yes,True,1,0,0,1,0
840,0,3,male,20.0,0,0,7.925,S,Third,man,True,,Southampton,no,True,1,0,1,0,1
595,0,3,male,36.0,1,1,24.15,S,Third,man,True,,Southampton,no,False,3,0,1,0,1
367,1,3,female,32.0,0,0,7.2292,C,Third,woman,False,,Cherbourg,yes,True,1,0,0,0,1
205,0,3,female,2.0,0,1,10.4625,S,Third,child,False,G,Southampton,no,False,2,1,0,0,1
428,0,3,male,33.17312348668281,0,0,7.75,Q,Third,man,True,,Queenstown,no,True,1,0,1,0,1
763,1,1,female,36.0,1,2,120.0,S,First,woman,False,B,Southampton,yes,False,4,0,0,0,0
143,0,3,male,19.0,0,0,6.75,Q,Third,man,True,,Queenstown,no,True,1,0,1,0,1
98,1,2,female,34.0,0,1,23.0,S,Second,woman,False,,Southampton,yes,False,2,0,0,1,0
140,0,3,female,32.0,0,2,15.2458,C,Third,woman,False,,Cherbourg,no,False,3,0,0,0,1
425,0,3,male,33.17312348668281,0,0,7.25,S,Third,man,True,,Southampton,no,True,1,0,1,0,1
418,0,2,male,30.0,0,0,13.0,S,Second,man,True,,Southampton,no,True,1,0,1,1,0
791,0,2,male,16.0,0,0,26.0,S,Second,man,True,,Southampton,no,True,1,0,1,1,0
395,0,3,male,22.0,0,0,7.7958,S,Third,man,True,,Southampton,no,True,1,0,1,0,1
11,1,1,female,58.0,0,0,26.55,S,First,woman,False,C,Southampton,yes,True,1,0,0,0,0
111,0,3,female,14.5,1,0,14.4542,C,Third,child,False,,Cherbourg,no,False,2,1,0,0,1
91,0,3,male,20.0,0,0,7.8542,S,Third,man,True,,Southampton,no,True,1,0,1,0,1
359,1,3,female,32.0,0,0,7.8792,Q,Third,woman,False,,Queenstown,yes,True,1,0,0,0,1
668,0,3,male,43.0,0,0,8.05,S,Third,man,True,,Southampton,no,True,1,0,1,0,1
82,1,3,female,32.0,0,0,7.7875,Q,Third,woman,False,,Queenstown,yes,True,1,0,0,0,1
648,0,3,male,33.17312348668281,0,0,7.55,S,Third,man,True,,Southampton,no,True,1,0,1,0,1
40,0,3,female,40.0,1,0,9.475,S,Third,woman,False,,Southampton,no,False,2,0,0,0,1
326,0,3,male,61.0,0,0,6.2375,S,Third,man,True,,Southampton,no,True,1,0,1,0,1
467,0,1,male,56.0,0,0,26.55,S,First,man,True,,Southampton,no,True,1,0,1,0,0
229,0,3,female,32.0,3,1,25.4667,S,Third,woman,False,,Southampton,no,False,5,0,0,0,1
349,0,3,male,42.0,0,0,8.6625,S,Third,man,True,,Southampton,no,True,1,0,1,0,1
609,1,1,female,40.0,0,0,153.4625,S,First,woman,False,C,Southampton,yes,True,1,0,0,0,0
142,1,3,female,24.0,1,0,15.85,S,Third,woman,False,,Southampton,yes,False,2,0,0,0,1
23,1,1,male,28.0,0,0,35.5,S,First,man,True,A,Southampton,yes,True,1,0,1,0,0
765,1,1,female,51.0,1,0,77.9583,S,First,woman,False,D,Southampton,yes,False,2,0,0,0,0
732,0,2,male,33.17312348668281,0,0,0.0,S,Second,man,True,,Southampton,no,True,1,0,1,1,0
878,0,3,male,33.17312348668281,0,0,7.8958,S,Third,man,True,,Southampton,no,True,1,0,1,0,1
710,1,1,female,24.0,0,0,49.5042,C,First,woman,False,C,Cherbourg,yes,True,1,0,0,0,0
687,0,3,male,19.0,0,0,10.1708,S,Third,man,True,,Southampton,no,True,1,0,1,0,1
610,0,3,female,39.0,1,5,31.275,S,Third,woman,False,,Southampton,no,False,7,0,0,0,1
216,1,3,female,27.0,0,0,7.925,S,Third,woman,False,,Southampton,yes,True,1,0,0,0,1
734,0,2,male,23.0,0,0,13.0,S,Second,man,True,,Southampton,no,True,1,0,1,1,0
635,1,2,female,28.0,0,0,13.0,S,Second,woman,False,,Southampton,yes,True,1,0,0,1,0
511,0,3,male,33.17312348668281,0,0,8.05,S,Third,man,True,,Southampton,no,True,1,0,1,0,1
72,0,2,male,21.0,0,0,73.5,S,Second,man,True,,Southampton,no,True,1,0,1,1,0
856,1,1,female,45.0,1,1,164.8667,S,First,woman,False,,Southampton,yes,False,3,0,0,0,0
47,1,3,female,32.0,0,0,7.75,Q,Third,woman,False,,Queenstown,yes,True,1,0,0,0,1
743,0,3,male,24.0,1,0,16.1,S,Third,man,True,,Southampton,no,False,2,0,1,0,1
83,0,1,male,28.0,0,0,47.1,S,First,man,True,,Southampton,no,True,1,0,1,0,0
436,0,3,female,21.0,2,2,34.375,S,Third,woman,False,,Southampton,no,False,5,0,0,0,1
854,0,2,female,44.0,1,0,26.0,S,Second,woman,False,,Southampton,no,False,2,0,0,1,0
549,1,2,male,8.0,1,1,36.75,S,Second,child,False,,Southampton,yes,False,3,1,1,1,0
863,0,3,female,32.0,8,2,69.55,S,Third,woman,False,,Southampton,no,False,11,0,0,0,1
793,0,1,male,33.17312348668281,0,0,30.6958,C,First,man,True,,Cherbourg,no,True,1,0,1,0,0
702,0,3,female,18.0,0,1,14.4542,C,Third,woman,False,,Cherbourg,no,False,2,0,0,0,1
580,1,2,female,25.0,1,1,30.0,S,Second,woman,False,,Southampton,yes,False,3,0,0,1,0
631,0,3,male,51.0,0,0,7.0542,S,Third,man,True,,Southampton,no,True,1,0,1,0,1
335,0,3,male,33.17312348668281,0,0,7.8958,S,Third,man,True,,Southampton,no,True,1,0,1,0,1
859,0,3,male,33.17312348668281,0,0,7.2292,C,Third,man,True,,Cherbourg,no,True,1,0,1,0,1
308,0,2,male,30.0,1,0,24.0,C,Second,man,True,,Cherbourg,no,False,2,0,1,1,0
147,0,3,female,9.0,2,2,34.375,S,Third,child,False,,Southampton,no,False,5,1,0,0,1
178,0,2,male,30.0,0,0,13.0,S,Second,man,True,,Southampton,no,True,1,0,1,1,0
696,0,3,male,44.0,0,0,8.05,S,Third,man,True,,Southampton,no,True,1,0,1,0,1
312,0,2,female,26.0,1,1,26.0,S,Second,woman,False,,Southampton,no,False,3,0,0,1,0
103,0,3,male,33.0,0,0,8.6542,S,Third,man,True,,Southampton,no,True,1,0,1,0,1
209,1,1,male,40.0,0,0,31.0,C,First,man,True,A,Cherbourg,yes,True,1,0,1,0,0
204,1,3,male,18.0,0,0,8.05,S,Third,man,True,,Southampton,yes,True,1,0,1,0,1
715,0,3,male,19.0,0,0,7.65,S,Third,man,True,F,Southampton,no,True,1,0,1,0,1
449,1,1,male,52.0,0,0,30.5,S,First,man,True,C,Southampton,yes,True,1,0,1,0,0
39,1,3,female,14.0,1,0,11.2417,C,Third,child,False,,Cherbourg,yes,False,2,1,0,0,1
334,1,1,female,32.0,1,0,133.65,S,First,woman,False,,Southampton,yes,False,2,0,0,0,0
880,1,2,female,25.0,0,1,26.0,S,Second,woman,False,,Southampton,yes,False,2,0,0,1,0
698,0,1,male,49.0,1,1,110.8833,C,First,man,True,C,Cherbourg,no,False,3,0,1,0,0
579,1,3,male,32.0,0,0,7.925,S,Third,man,True,,Southampton,yes,True,1,0,1,0,1
735,0,3,male,28.5,0,0,16.1,S,Third,man,True,,Southampton,no,True,1,0,1,0,1
100,0,3,female,28.0,0,0,7.8958,S,Third,woman,False,,Southampton,no,True,1,0,0,0,1
371,0,3,male,18.0,1,0,6.4958,S,Third,man,True,,Southampton,no,False,2,0,1,0,1
298,1,1,male,33.17312348668281,0,0,30.5,S,First,man,True,C,Southampton,yes,True,1,0,1,0,0
445,1,1,male,4.0,0,2,81.8583,S,First,child,False,A,Southampton,yes,False,3,1,1,0,0
14,0,3,female,14.0,0,0,7.8542,S,Third,child,False,,Southampton,no,True,1,1,0,0,1
649,1,3,female,23.0,0,0,7.55,S,Third,woman,False,,Southampton,yes,True,1,0,0,0,1
325,1,1,female,36.0,0,0,135.6333,C,First,woman,False,C,Cherbourg,yes,True,1,0,0,0,0
522,0,3,male,33.17312348668281,0,0,7.225,C,Third,man,True,,Cherbourg,no,True,1,0,1,0,1
347,1,3,female,32.0,1,0,16.1,S,Third,woman,False,,Southampton,yes,False,2,0,0,0,1
414,1,3,male,44.0,0,0,7.925,S,Third,man,True,,Southampton,yes,True,1,0,1,0,1
173,0,3,male,21.0,0,0,7.925,S,Third,man,True,,Southampton,no,True,1,0,1,0,1
781,1,1,female,17.0,1,0,57.0,S,First,woman,False,B,Southampton,yes,False,2,0,0,0,0
460,1,1,male,48.0,0,0,26.55,S,First,man,True,E,Southampton,yes,True,1,0,1,0,0
785,0,3,male,25.0,0,0,7.25,S,Third,man,True,,Southampton,no,True,1,0,1,0,1
673,1,2,male,31.0,0,0,13.0,S,Second,man,True,,Southampton,yes,True,1,0,1,1,0
802,1,1,male,11.0,1,2,120.0,S,First,child,False,B,Southampton,yes,False,4,1,1,0,0
588,0,3,male,22.0,0,0,8.05,S,Third,man,True,,Southampton,no,True,1,0,1,0,1
850,0,3,male,4.0,4,2,31.275,S,Third,child,False,,Southampton,no,False,7,1,1,0,1
827,1,2,male,1.0,0,2,37.0042,C,Second,child,False,,Cherbourg,yes,False,3,1,1,1,0
684,0,2,male,60.0,1,1,39.0,S,Second,man,True,,Southampton,no,False,3,0,1,1,0
20,0,2,male,35.0,0,0,26.0,S,Second,man,True,,Southampton,no,True,1,0,1,1,0
712,1,1,male,48.0,1,0,52.0,S,First,man,True,C,Southampton,yes,False,2,0,1,0,0
360,0,3,male,40.0,1,4,27.9,S,Third,man,True,,Southampton,no,False,6,0,1,0,1
554,1,3,female,22.0,0,0,7.775,S,Third,woman,False,,Southampton,yes,True,1,0,0,0,1
680,0,3,female,32.0,0,0,8.1375,Q,Third,woman,False,,Queenstown,no,True,1,0,0,0,1
725,0,3,male,20.0,0,0,8.6625,S,Third,man,True,,Southampton,no,True,1,0,1,0,1
188,0,3,male,40.0,1,1,15.5,Q,Third,man,True,,Queenstown,no,False,3,0,1,0,1
226,1,2,male,19.0,0,0,10.5,S,Second,man,True,,Southampton,yes,True,1,0,1,1,0
394,1,3,female,24.0,0,2,16.7,S,Third,woman,False,G,Southampton,yes,False,3,0,0,0,1
471,0,3,male,38.0,0,0,8.6625,S,Third,man,True,,Southampton,no,True,1,0,1,0,1
291,1,1,female,19.0,1,0,91.0792,C,First,woman,False,B,Cherbourg,yes,False,2,0,0,0,0
179,0,3,male,36.0,0,0,0.0,S,Third,man,True,,Southampton,no,True,1,0,1,0,1
524,0,3,male,33.17312348668281,0,0,7.2292,C,Third,man,True,,Cherbourg,no,True,1,0,1,0,1
350,0,3,male,23.0,0,0,9.225,S,Third,man,True,,Southampton,no,True,1,0,1,0,1
421,0,3,male,21.0,0,0,7.7333,Q,Third,man,True,,Queenstown,no,True,1,0,1,0,1
49,0,3,female,18.0,1,0,17.8,S,Third,woman,False,,Southampton,no,False,2,0,0,0,1
461,0,3,male,34.0,0,0,8.05,S,Third,man,True,,Southampton,no,True,1,0,1,0,1
344,0,2,male,36.0,0,0,13.0,S,Second,man,True,,Southampton,no,True,1,0,1,1,0
337,1,1,female,41.0,0,0,134.5,C,First,woman,False,E,Cherbourg,yes,True,1,0,0,0,0
592,0,3,male,47.0,0,0,7.25,S,Third,man,True,,Southampton,no,True,1,0,1,0,1
650,0,3,male,33.17312348668281,0,0,7.8958,S,Third,man,True,,Southampton,no,True,1,0,1,0,1
518,1,2,female,36.0,1,0,26.0,S,Second,woman,False,,Southampton,yes,False,2,0,0,1,0
718,0,3,male,33.17312348668281,0,0,15.5,Q,Third,man,True,,Queenstown,no,True,1,0,1,0,1
106,1,3,female,21.0,0,0,7.65,S,Third,woman,False,,Southampton,yes,True,1,0,0,0,1
357,0,2,female,38.0,0,0,13.0,S,Second,woman,False,,Southampton,no,True,1,0,0,1,0
737,1,1,male,35.0,0,0,512.3292,C,First,man,True,B,Cherbourg,yes,True,1,0,1,0,0
